-- PRODUTORES
INSERT INTO TB_PRODUCER (ID, CNPJ, CPF, EMAIL, NAME, OBSERVATION, SOCIAL_REASON)
VALUES (3, '12345678000102', '12345678902', 'email3@example.com', 'Produtor 3', 'Observação 3', 1);

INSERT INTO TB_PRODUCER (ID, CNPJ, CPF, EMAIL, NAME, OBSERVATION, SOCIAL_REASON)
VALUES (4, '12345678000103', '12345678903', 'email4@example.com', 'Produtor 4', 'Observação 4', 1);

INSERT INTO TB_PRODUCER (ID, CNPJ, CPF, EMAIL, NAME, OBSERVATION, SOCIAL_REASON)
VALUES (5, '12345678000104', '12345678904', 'email5@example.com', 'Produtor 5', 'Observação 5', 1);

INSERT INTO TB_PRODUCER (ID, CNPJ, CPF, EMAIL, NAME, OBSERVATION, SOCIAL_REASON)
VALUES (6, '12345678000105', '12345678905', 'email6@example.com', 'Produtor 6', 'Observação 6', 1);

-- TECNOLOGIAS
INSERT INTO TB_TECHNOLOGY (ID, NAME, OBSERVATION, ACTIVE_ITEM)
VALUES (1, 'Tecnologia A', 'Observação A', true);

INSERT INTO TB_TECHNOLOGY (ID, NAME, OBSERVATION, ACTIVE_ITEM)
VALUES (2, 'Tecnologia B', 'Observação B', true);

INSERT INTO TB_TECHNOLOGY (ID, NAME, OBSERVATION, ACTIVE_ITEM)
VALUES (3, 'Tecnologia C', 'Observação C', true);

INSERT INTO TB_TECHNOLOGY (ID, NAME, OBSERVATION, ACTIVE_ITEM)
VALUES (4, 'Tecnologia D', NULL, true);

INSERT INTO TB_TECHNOLOGY (ID, NAME, OBSERVATION, ACTIVE_ITEM)
VALUES (5, 'Tecnologia E', 'Observação E', true);

INSERT INTO TB_TECHNOLOGY (ID, NAME, OBSERVATION, ACTIVE_ITEM)
VALUES (6, 'Tecnologia F', NULL, true);

INSERT INTO TB_TECHNOLOGY (ID, NAME, OBSERVATION, ACTIVE_ITEM)
VALUES (7, 'Tecnologia G', 'Observação G', true);

INSERT INTO TB_TECHNOLOGY (ID, NAME, OBSERVATION, ACTIVE_ITEM)
VALUES (8, 'Tecnologia H', NULL, true);

-- Transferências para os novos produtores e tecnologias
-- Utilizando os IDs de produtores 3, 4, 5 e 6 e as tecnologias já inseridas

-- Produtor 3, Tecnologia 1
INSERT INTO TB_TRANSFER (COMPLETION_DATE, START_DATE, TIPO_STATUS_PRODUCTION, ID, PRODUCER_ID, TECHNOLOGY_ID)
VALUES ('2023-01-02', '2023-01-02', 1, 2, 3, 1);

-- Produtor 3, Tecnologia 2
INSERT INTO TB_TRANSFER (COMPLETION_DATE, START_DATE, TIPO_STATUS_PRODUCTION, ID, PRODUCER_ID, TECHNOLOGY_ID)
VALUES ('2023-01-05', '2023-01-05', 1, 5, 3, 2);

-- Produtor 3, Tecnologia 1
INSERT INTO TB_TRANSFER (COMPLETION_DATE, START_DATE, TIPO_STATUS_PRODUCTION, ID, PRODUCER_ID, TECHNOLOGY_ID)
VALUES ('2023-01-06', '2023-01-06', 2, 6, 3, 1);

-- Produtor 3, Tecnologia 3
INSERT INTO TB_TRANSFER (COMPLETION_DATE, START_DATE, TIPO_STATUS_PRODUCTION, ID, PRODUCER_ID, TECHNOLOGY_ID)
VALUES ('2023-01-07', '2023-01-07', 0, 7, 3, 3);

-- Produtor 3, Tecnologia 1
INSERT INTO TB_TRANSFER (COMPLETION_DATE, START_DATE, TIPO_STATUS_PRODUCTION, ID, PRODUCER_ID, TECHNOLOGY_ID)
VALUES ('2023-01-09', '2023-01-09', 2, 9, 3, 1);

-- Produtor 4, Tecnologia 2
INSERT INTO TB_TRANSFER (COMPLETION_DATE, START_DATE, TIPO_STATUS_PRODUCTION, ID, PRODUCER_ID, TECHNOLOGY_ID)
VALUES ('2023-01-14', '2023-01-14', 1, 14, 4, 2);

-- Produtor 4, Tecnologia 3
INSERT INTO TB_TRANSFER (COMPLETION_DATE, START_DATE, TIPO_STATUS_PRODUCTION, ID, PRODUCER_ID, TECHNOLOGY_ID)
VALUES ('2023-01-15', '2023-01-15', 2, 15, 4, 3);

-- Produtor 4, Tecnologia 3
INSERT INTO TB_TRANSFER (COMPLETION_DATE, START_DATE, TIPO_STATUS_PRODUCTION, ID, PRODUCER_ID, TECHNOLOGY_ID)
VALUES ('2023-01-19', '2023-01-19', 0, 19, 4, 3);

-- Produtor 4, Tecnologia 4
INSERT INTO TB_TRANSFER (COMPLETION_DATE, START_DATE, TIPO_STATUS_PRODUCTION, ID, PRODUCER_ID, TECHNOLOGY_ID)
VALUES ('2023-01-20', '2023-01-20', 1, 20, 4, 4);

-- Produtor 5, Tecnologia 1
INSERT INTO TB_TRANSFER (COMPLETION_DATE, START_DATE, TIPO_STATUS_PRODUCTION, ID, PRODUCER_ID, TECHNOLOGY_ID)
VALUES ('2023-01-21', '2023-01-21', 2, 21, 5, 1);

-- Produtor 5, Tecnologia 2
INSERT INTO TB_TRANSFER (COMPLETION_DATE, START_DATE, TIPO_STATUS_PRODUCTION, ID, PRODUCER_ID, TECHNOLOGY_ID)
VALUES ('2023-01-22', '2023-01-22', 0, 22, 5, 2);

-- Produtor 5, Tecnologia 3
INSERT INTO TB_TRANSFER (COMPLETION_DATE, START_DATE, TIPO_STATUS_PRODUCTION, ID, PRODUCER_ID, TECHNOLOGY_ID)
VALUES ('2023-01-23', '2023-01-23', 1, 23, 5, 3);

-- Produtor 6, Tecnologia 3
INSERT INTO TB_TRANSFER (COMPLETION_DATE, START_DATE, TIPO_STATUS_PRODUCTION, ID, PRODUCER_ID, TECHNOLOGY_ID)
VALUES ('2023-01-31', '2023-01-31', 0, 31, 6, 3);

-- Produtor 6, Tecnologia 4
INSERT INTO TB_TRANSFER (COMPLETION_DATE, START_DATE, TIPO_STATUS_PRODUCTION, ID, PRODUCER_ID, TECHNOLOGY_ID)
VALUES ('2023-02-01', '2023-02-01', 1, 32, 6, 4);

-- Produtor 6, Tecnologia 1
INSERT INTO TB_TRANSFER (COMPLETION_DATE, START_DATE, TIPO_STATUS_PRODUCTION, ID, PRODUCER_ID, TECHNOLOGY_ID)
VALUES ('2023-02-02', '2023-02-02', 2, 33, 6, 1);

-- Produtor 6, Tecnologia 2
INSERT INTO TB_TRANSFER (COMPLETION_DATE, START_DATE, TIPO_STATUS_PRODUCTION, ID, PRODUCER_ID, TECHNOLOGY_ID)
VALUES ('2023-02-03', '2023-02-03', 0, 34, 6, 2);

-- Produtor 6, Tecnologia 3
INSERT INTO TB_TRANSFER (COMPLETION_DATE, START_DATE, TIPO_STATUS_PRODUCTION, ID, PRODUCER_ID, TECHNOLOGY_ID)
VALUES ('2023-02-04', '2023-02-04', 1, 35, 6, 3);

-- Produtor 3, Tecnologia 4
INSERT INTO TB_TRANSFER (COMPLETION_DATE, START_DATE, TIPO_STATUS_PRODUCTION, ID, PRODUCER_ID, TECHNOLOGY_ID)
VALUES ('2023-02-05', '2023-02-05', 2, 36, 3, 4);

-- Produtor 3, Tecnologia 5
INSERT INTO TB_TRANSFER (COMPLETION_DATE, START_DATE, TIPO_STATUS_PRODUCTION, ID, PRODUCER_ID, TECHNOLOGY_ID)
VALUES ('2023-02-06', '2023-02-06', 0, 37, 3, 5);

-- Produtor 3, Tecnologia 6
INSERT INTO TB_TRANSFER (COMPLETION_DATE, START_DATE, TIPO_STATUS_PRODUCTION, ID, PRODUCER_ID, TECHNOLOGY_ID)
VALUES ('2023-02-07', '2023-02-07', 1, 38, 3, 6);

-- Produtor 3, Tecnologia 7
INSERT INTO TB_TRANSFER (COMPLETION_DATE, START_DATE, TIPO_STATUS_PRODUCTION, ID, PRODUCER_ID, TECHNOLOGY_ID)
VALUES ('2023-02-08', '2023-02-08', 2, 39, 3, 7);

-- Produtor 4, Tecnologia 8
INSERT INTO TB_TRANSFER (COMPLETION_DATE, START_DATE, TIPO_STATUS_PRODUCTION, ID, PRODUCER_ID, TECHNOLOGY_ID)
VALUES ('2023-02-10', '2023-02-10', 1, 41, 4, 8);

-- Produtor 4, Tecnologia 9
INSERT INTO TB_TRANSFER (COMPLETION_DATE, START_DATE, TIPO_STATUS_PRODUCTION, ID, PRODUCER_ID, TECHNOLOGY_ID)
VALUES ('2023-02-13', '2023-02-13', 1, 44, 4, 9);

-- Produtor 4, Tecnologia 10
INSERT INTO TB_TRANSFER (COMPLETION_DATE, START_DATE, TIPO_STATUS_PRODUCTION, ID, PRODUCER_ID, TECHNOLOGY_ID)
VALUES ('2023-02-15', '2023-02-15', 0, 46, 4, 10);

-- Produtor 4, Tecnologia 11
INSERT INTO TB_TRANSFER (COMPLETION_DATE, START_DATE, TIPO_STATUS_PRODUCTION, ID, PRODUCER_ID, TECHNOLOGY_ID)
VALUES ('2023-02-16', '2023-02-16', 1, 47, 4, 11);

-- Produtor 5, Tecnologia 12
INSERT INTO TB_TRANSFER (COMPLETION_DATE, START_DATE, TIPO_STATUS_PRODUCTION, ID, PRODUCER_ID, TECHNOLOGY_ID)
VALUES ('2023-02-18', '2023-02-18', 0, 49, 5, 12);

-- Produtor 5, Tecnologia 13
INSERT INTO TB_TRANSFER (COMPLETION_DATE, START_DATE, TIPO_STATUS_PRODUCTION, ID, PRODUCER_ID, TECHNOLOGY_ID)
VALUES ('2023-02-19', '2023-02-19', 1, 50, 5, 13);

-- Produtor 5
-- Inserts na tabela TB_CERTIFICATE com enum de 0 a 4
INSERT INTO TB_CERTIFICATE (DATA, TIPO_CERTIFICADO, ID, PRODUCER_ID)
VALUES ('2023-06-14', 0, 1, 3);

INSERT INTO TB_CERTIFICATE (DATA, TIPO_CERTIFICADO, ID, PRODUCER_ID)
VALUES ('2023-06-15', 1, 2, 4);

INSERT INTO TB_CERTIFICATE (DATA, TIPO_CERTIFICADO, ID, PRODUCER_ID)
VALUES ('2023-06-16', 2, 3, 5);

INSERT INTO TB_CERTIFICATE (DATA, TIPO_CERTIFICADO, ID, PRODUCER_ID)
VALUES ('2023-06-17', 3, 4, 6);

INSERT INTO TB_CERTIFICATE (DATA, TIPO_CERTIFICADO, ID, PRODUCER_ID)
VALUES ('2023-06-18', 4, 5, 3);

-- Inserts adicionais na tabela TB_CERTIFICATE com enum de 0 a 4
INSERT INTO TB_CERTIFICATE (DATA, TIPO_CERTIFICADO, ID, PRODUCER_ID)
VALUES ('2023-06-19', 0, 6, 4);

INSERT INTO TB_CERTIFICATE (DATA, TIPO_CERTIFICADO, ID, PRODUCER_ID)
VALUES ('2023-06-20', 1, 7, 5);

INSERT INTO TB_CERTIFICATE (DATA, TIPO_CERTIFICADO, ID, PRODUCER_ID)
VALUES ('2023-06-21', 2, 8, 6);

INSERT INTO TB_CERTIFICATE (DATA, TIPO_CERTIFICADO, ID, PRODUCER_ID)
VALUES ('2023-06-22', 3, 9, 3);

INSERT INTO TB_CERTIFICATE (DATA, TIPO_CERTIFICADO, ID, PRODUCER_ID)
VALUES ('2023-06-23', 4, 10, 4);

INSERT INTO TB_CERTIFICATE (DATA, TIPO_CERTIFICADO, ID, PRODUCER_ID)
VALUES ('2023-06-24', 0, 11, 5);

INSERT INTO TB_CERTIFICATE (DATA, TIPO_CERTIFICADO, ID, PRODUCER_ID)
VALUES ('2023-06-25', 1, 12, 6);

INSERT INTO TB_CERTIFICATE (DATA, TIPO_CERTIFICADO, ID, PRODUCER_ID)
VALUES ('2023-06-26', 0, 13, 3);

INSERT INTO TB_CERTIFICATE (DATA, TIPO_CERTIFICADO, ID, PRODUCER_ID)
VALUES ('2023-06-27', 3, 14, 4);

INSERT INTO TB_CERTIFICATE (DATA, TIPO_CERTIFICADO, ID, PRODUCER_ID)
VALUES ('2023-06-28', 4, 15, 5);

INSERT INTO TB_CERTIFICATE (DATA, TIPO_CERTIFICADO, ID, PRODUCER_ID)
VALUES ('2023-06-29', 0, 16, 6);

INSERT INTO TB_CERTIFICATE (DATA, TIPO_CERTIFICADO, ID, PRODUCER_ID)
VALUES ('2023-06-30', 1, 17, 3);

INSERT INTO TB_CERTIFICATE (DATA, TIPO_CERTIFICADO, ID, PRODUCER_ID)
VALUES ('2023-07-01', 0, 18, 4);

INSERT INTO TB_CERTIFICATE (DATA, TIPO_CERTIFICADO, ID, PRODUCER_ID)
VALUES ('2023-07-02', 3, 19, 3);

INSERT INTO TB_CERTIFICATE (DATA, TIPO_CERTIFICADO, ID, PRODUCER_ID)
VALUES ('2023-07-03', 3, 20, 4);